Game,Peak Today,Price
MotoGP™21,"1,242","179,99zł"
Torque Drift,"1,147",Free
Devil Slayer - Raksasi / 斩妖Raksasi,"1,080","34,75zł"
Atelier Sophie: The Alchemist of the Mysterious Book DX,342,"128,69zł"
Turnip Boy Commits Tax Evasion,341,"43,19zł"
Game Company Simulator: Back To 2000,291,"16,19zł"
Fleeting Iris,229,"64,79zł"
Tower Ball - Incremental Tower Defense,209,Free
Dread Hunger,134,"89,99zł"
Key To Heaven,102,Free
WISH Paradise,100,"7,19zł"
Atelier Lydie & Suelle: The Alchemists and the Mysterious Paintings DX,94,"128,69zł"
